{"question_text": "Name a type of ball you would be surprised to see a golfer tee off with.", "question_url": "http://familyfeudfriends.arjdesigns.com/?Question=10", "answers": {"8": {"answer_points": "2", "answer_text": "Ping Pong Ball"}, "3": {"answer_points": "20", "answer_text": "Baseball"}, "7": {"answer_points": "3", "answer_text": "Beach Ball"}, "5": {"answer_points": "5", "answer_text": "Bowling Ball"}, "4": {"answer_points": "6", "answer_text": "Tennis Ball"}, "2": {"answer_points": "23", "answer_text": "Football"}, "1": {"answer_points": "30", "answer_text": "Basketball"}, "6": {"answer_points": "5", "answer_text": "Soccer Ball"}}, "question_number": "10"}