{"question_text": "Name something a man with a big belly looks like he just swallowed.", "question_url": "http://familyfeudfriends.arjdesigns.com/?Question=111", "answers": {"8": {"answer_points": "3", "answer_text": "Pillow"}, "3": {"answer_points": "7", "answer_text": "Balloon"}, "7": {"answer_points": "3", "answer_text": "Baby"}, "5": {"answer_points": "3", "answer_text": "Tire"}, "4": {"answer_points": "6", "answer_text": "Keg"}, "2": {"answer_points": "20", "answer_text": "Ball"}, "1": {"answer_points": "43", "answer_text": "Watermelon"}, "6": {"answer_points": "3", "answer_text": "Whale"}}, "question_number": "111"}