{"question_text": "Name something your parents still give you.", "question_url": "http://familyfeudfriends.arjdesigns.com/?Question=120", "answers": {"3": {"answer_points": "12", "answer_text": "Advice"}, "7": {"answer_points": "2", "answer_text": "Food"}, "5": {"answer_points": "7", "answer_text": "Grief"}, "4": {"answer_points": "8", "answer_text": "Gifts"}, "2": {"answer_points": "27", "answer_text": "Money"}, "1": {"answer_points": "30", "answer_text": "Love"}, "6": {"answer_points": "5", "answer_text": "Clothes"}}, "question_number": "120"}