{"question_text": "Name a US state that has big mountains.", "question_url": "http://familyfeudfriends.arjdesigns.com/?Question=122", "answers": {"3": {"answer_points": "11", "answer_text": "Montana"}, "5": {"answer_points": "4", "answer_text": "Utah"}, "4": {"answer_points": "4", "answer_text": "North Carolina"}, "2": {"answer_points": "14", "answer_text": "Washington"}, "1": {"answer_points": "47", "answer_text": "Colorado"}, "6": {"answer_points": "3", "answer_text": "West Virgina"}}, "question_number": "122"}