{"question_text": "Name something a robber would hate to have happen to his car while he was inside robbing a bank.", "question_url": "http://familyfeudfriends.arjdesigns.com/?Question=173", "answers": {"3": {"answer_points": "15", "answer_text": "Not Start"}, "5": {"answer_points": "8", "answer_text": "Accident"}, "4": {"answer_points": "9", "answer_text": "Ticketed"}, "2": {"answer_points": "20", "answer_text": "Towed"}, "1": {"answer_points": "29", "answer_text": "Stolen"}, "6": {"answer_points": "5", "answer_text": "Slashed Tires"}}, "question_number": "173"}