{"question_text": "If a bad magician yanked a tablecloth from a fully set table, name something that might hit the ground.", "question_url": "http://familyfeudfriends.arjdesigns.com/?Question=174", "answers": {"4": {"answer_points": "4", "answer_text": "Candles"}, "2": {"answer_points": "29", "answer_text": "Glass"}, "3": {"answer_points": "20", "answer_text": "Silverware"}, "1": {"answer_points": "40", "answer_text": "Plate"}, "5": {"answer_points": "3", "answer_text": "Food"}}, "question_number": "174"}