{"question_text": "Name an animal that you are surprised that some people keep as a pet.", "question_url": "http://familyfeudfriends.arjdesigns.com/?Question=175", "answers": {"3": {"answer_points": "8", "answer_text": "Monkey"}, "5": {"answer_points": "5", "answer_text": "Pig"}, "4": {"answer_points": "7", "answer_text": "Elephant"}, "2": {"answer_points": "10", "answer_text": "Tiger"}, "1": {"answer_points": "33", "answer_text": "Snake"}, "6": {"answer_points": "4", "answer_text": "Rat"}}, "question_number": "175"}