{"question_text": "Name something a model does to make sure she looks just right for her big photo.", "question_url": "http://familyfeudfriends.arjdesigns.com/?Question=181", "answers": {"3": {"answer_points": "9", "answer_text": "Diets"}, "5": {"answer_points": "6", "answer_text": "Showers"}, "4": {"answer_points": "8", "answer_text": "Shaves"}, "2": {"answer_points": "20", "answer_text": "Makeup"}, "1": {"answer_points": "23", "answer_text": "Fix Hair"}, "6": {"answer_points": "5", "answer_text": "Dress"}}, "question_number": "181"}