{"question_text": "Name a famous Mark.", "question_url": "http://familyfeudfriends.arjdesigns.com/?Question=185", "answers": {"8": {"answer_points": "4", "answer_text": "Wahlberg"}, "3": {"answer_points": "26", "answer_text": "Twain"}, "7": {"answer_points": "4", "answer_text": "Mark Wahlberg"}, "5": {"answer_points": "10", "answer_text": "Hamill"}, "4": {"answer_points": "26", "answer_text": "Mark Twain"}, "2": {"answer_points": "27", "answer_text": "Mark McGuire"}, "1": {"answer_points": "27", "answer_text": "McGuire"}, "6": {"answer_points": "10", "answer_text": "Mark Hamill"}}, "question_number": "185"}