{"question_text": "If there were a store called \"Bodybuilders-R-Us,\" name something you might be able to buy there.", "question_url": "http://familyfeudfriends.arjdesigns.com/?Question=215", "answers": {"3": {"answer_points": "12", "answer_text": "Supplements"}, "5": {"answer_points": "7", "answer_text": "Spandex"}, "4": {"answer_points": "10", "answer_text": "Vitamins"}, "2": {"answer_points": "12", "answer_text": "Exercise Machine"}, "1": {"answer_points": "31", "answer_text": "Weights"}, "6": {"answer_points": "2", "answer_text": "Shoes"}}, "question_number": "215"}