{"question_text": "Name something a Ken doll has that the average guy probably wishes he had too.", "question_url": "http://familyfeudfriends.arjdesigns.com/?Question=216", "answers": {"3": {"answer_points": "10", "answer_text": "Convertible"}, "5": {"answer_points": "7", "answer_text": "Hair"}, "4": {"answer_points": "8", "answer_text": "Handsome"}, "2": {"answer_points": "29", "answer_text": "Muscles"}, "1": {"answer_points": "32", "answer_text": "Barbie"}, "6": {"answer_points": "5", "answer_text": "Tan"}}, "question_number": "216"}