{"question_text": "If a coal miner lived in a mine, name something he would have to get used to doing in the dark.", "question_url": "http://familyfeudfriends.arjdesigns.com/?Question=217", "answers": {"3": {"answer_points": "10", "answer_text": "Cooking"}, "5": {"answer_points": "8", "answer_text": "Bathing"}, "4": {"answer_points": "9", "answer_text": "Reading"}, "2": {"answer_points": "19", "answer_text": "Dressing"}, "1": {"answer_points": "23", "answer_text": "Eating"}, "6": {"answer_points": "7", "answer_text": "Bathroom"}}, "question_number": "217"}