{"question_text": "Name a country that has a lot of desert.", "question_url": "http://familyfeudfriends.arjdesigns.com/?Question=223", "answers": {"3": {"answer_points": "9", "answer_text": "United States"}, "7": {"answer_points": "3", "answer_text": "Australia"}, "5": {"answer_points": "5", "answer_text": "India"}, "4": {"answer_points": "7", "answer_text": "Iran"}, "2": {"answer_points": "27", "answer_text": "Saudi Arabia"}, "1": {"answer_points": "29", "answer_text": "Egypt"}, "6": {"answer_points": "4", "answer_text": "Iraq"}}, "question_number": "223"}