{"question_text": "Name a country the U.S. imports a lot of things from.", "question_url": "http://familyfeudfriends.arjdesigns.com/?Question=224", "answers": {"3": {"answer_points": "11", "answer_text": "Mexico"}, "5": {"answer_points": "3", "answer_text": "England"}, "4": {"answer_points": "4", "answer_text": "Taiwan"}, "2": {"answer_points": "27", "answer_text": "Japan"}, "1": {"answer_points": "51", "answer_text": "China"}, "6": {"answer_points": "2", "answer_text": "France"}}, "question_number": "224"}