{"question_text": "Name something a person cannot legally do without a license.", "question_url": "http://familyfeudfriends.arjdesigns.com/?Question=227", "answers": {"3": {"answer_points": "7", "answer_text": "Hunt"}, "5": {"answer_points": "4", "answer_text": "Practice Medicine"}, "4": {"answer_points": "6", "answer_text": "Fish"}, "2": {"answer_points": "9", "answer_text": "Marriage"}, "1": {"answer_points": "68", "answer_text": "Drive"}, "6": {"answer_points": "3", "answer_text": "Cut Hair"}}, "question_number": "227"}