{"question_text": "Name something a person might do before going to bed that would make it hard for them to get right to sleep.", "question_url": "http://familyfeudfriends.arjdesigns.com/?Question=228", "answers": {"3": {"answer_points": "13", "answer_text": "Exercise"}, "5": {"answer_points": "4", "answer_text": "Argument"}, "4": {"answer_points": "9", "answer_text": "Horror Movie"}, "2": {"answer_points": "28", "answer_text": "Eat"}, "1": {"answer_points": "35", "answer_text": "Coffee"}, "6": {"answer_points": "3", "answer_text": "Shower"}}, "question_number": "228"}