{"question_text": "Name something people pour milk in at breakfast.", "question_url": "http://familyfeudfriends.arjdesigns.com/?Question=229", "answers": {"3": {"answer_points": "7", "answer_text": "Oatmeal"}, "5": {"answer_points": "3", "answer_text": "Pancake Mix"}, "4": {"answer_points": "5", "answer_text": "Coffee"}, "2": {"answer_points": "16", "answer_text": "Glass"}, "1": {"answer_points": "60", "answer_text": "Cereal"}, "6": {"answer_points": "2", "answer_text": "Tea"}}, "question_number": "229"}