{"question_text": "Name something that might be stuffed inside a ravioli. (\"Meat\" is not a answer. Be more specific.)", "question_url": "http://familyfeudfriends.arjdesigns.com/?Question=230", "answers": {"4": {"answer_points": "5", "answer_text": "Chicken"}, "2": {"answer_points": "34", "answer_text": "Cheese"}, "3": {"answer_points": "7", "answer_text": "Sauce"}, "1": {"answer_points": "41", "answer_text": "Beef"}, "5": {"answer_points": "3", "answer_text": "Lobster"}}, "question_number": "230"}