{"question_text": "Name something in your kitchen you would hate to have break before your dinner party.", "question_url": "http://familyfeudfriends.arjdesigns.com/?Question=231", "answers": {"3": {"answer_points": "11", "answer_text": "Plates"}, "5": {"answer_points": "6", "answer_text": "Refrigerator"}, "4": {"answer_points": "10", "answer_text": "Glasses"}, "2": {"answer_points": "12", "answer_text": "Dishwasher"}, "1": {"answer_points": "31", "answer_text": "Stove"}, "6": {"answer_points": "5", "answer_text": "Table"}}, "question_number": "231"}