{"question_text": "Name something you use when you are cleaning the house.", "question_url": "http://familyfeudfriends.arjdesigns.com/?Question=232", "answers": {"3": {"answer_points": "12", "answer_text": "Bleach"}, "7": {"answer_points": "4", "answer_text": "Mop"}, "5": {"answer_points": "7", "answer_text": "Windex"}, "4": {"answer_points": "11", "answer_text": "Broom"}, "2": {"answer_points": "14", "answer_text": "Duster"}, "1": {"answer_points": "24", "answer_text": "Vacuum"}, "6": {"answer_points": "6", "answer_text": "Soap"}}, "question_number": "232"}