{"question_text": "Name a cartoon TV show that grown-ups like watching too.", "question_url": "http://familyfeudfriends.arjdesigns.com/?Question=233", "answers": {"3": {"answer_points": "8", "answer_text": "Flintstones"}, "5": {"answer_points": "4", "answer_text": "King of the Hill"}, "4": {"answer_points": "7", "answer_text": "South Park"}, "2": {"answer_points": "15", "answer_text": "Looney Tunes"}, "1": {"answer_points": "37", "answer_text": "The Simpsons"}, "6": {"answer_points": "3", "answer_text": "Jetsons"}}, "question_number": "233"}