{"question_text": "Name something you might find right next to the bathtub.", "question_url": "http://familyfeudfriends.arjdesigns.com/?Question=234", "answers": {"3": {"answer_points": "13", "answer_text": "Mat"}, "5": {"answer_points": "8", "answer_text": "Towel Rack"}, "4": {"answer_points": "12", "answer_text": "Towel"}, "2": {"answer_points": "24", "answer_text": "Toilet"}, "1": {"answer_points": "26", "answer_text": "Soap"}, "6": {"answer_points": "5", "answer_text": "Sink"}}, "question_number": "234"}