{"question_text": "Name something you might take with you for an overnight stay at the hospital.", "question_url": "http://familyfeudfriends.arjdesigns.com/?Question=26", "answers": {"3": {"answer_points": "17", "answer_text": "Toothbrush"}, "5": {"answer_points": "9", "answer_text": "Book"}, "4": {"answer_points": "12", "answer_text": "Robe"}, "2": {"answer_points": "18", "answer_text": "Clothing"}, "1": {"answer_points": "29", "answer_text": "Pajamas"}, "6": {"answer_points": "5", "answer_text": "Comb"}}, "question_number": "26"}