{"question_text": "If you had a keen sense of smell, name a job you would not have.", "question_url": "http://familyfeudfriends.arjdesigns.com/?Question=278", "answers": {"3": {"answer_points": "11", "answer_text": "Chef"}, "5": {"answer_points": "8", "answer_text": "Zoo Keeper"}, "4": {"answer_points": "9", "answer_text": "Custodian"}, "2": {"answer_points": "12", "answer_text": "Perfumer"}, "1": {"answer_points": "30", "answer_text": "Garbage Collector"}, "6": {"answer_points": "5", "answer_text": "Farmer"}}, "question_number": "278"}