{"question_text": "Name something in nature a poet might write about.", "question_url": "http://familyfeudfriends.arjdesigns.com/?Question=280", "answers": {"3": {"answer_points": "15", "answer_text": "Sunset"}, "5": {"answer_points": "8", "answer_text": "Birds"}, "4": {"answer_points": "9", "answer_text": "Rivers"}, "2": {"answer_points": "17", "answer_text": "Flowers"}, "1": {"answer_points": "33", "answer_text": "Trees"}, "6": {"answer_points": "8", "answer_text": "Sky"}}, "question_number": "280"}