{"question_text": "Name an electrical appliance most women want on a desert island.", "question_url": "http://familyfeudfriends.arjdesigns.com/?Question=284", "answers": {"3": {"answer_points": "16", "answer_text": "Television"}, "5": {"answer_points": "9", "answer_text": "Stove"}, "4": {"answer_points": "12", "answer_text": "Microwave"}, "2": {"answer_points": "18", "answer_text": "Refrigerator"}, "1": {"answer_points": "19", "answer_text": "Blow Dryer"}, "6": {"answer_points": "5", "answer_text": "Air Conditioner"}}, "question_number": "284"}