{"question_text": "Name a magazine that has a lot of photographs.", "question_url": "http://familyfeudfriends.arjdesigns.com/?Question=305", "answers": {"3": {"answer_points": "12", "answer_text": "Life"}, "7": {"answer_points": "3", "answer_text": "Cosmopolitan"}, "5": {"answer_points": "4", "answer_text": "Vogue"}, "4": {"answer_points": "9", "answer_text": "Playboy"}, "2": {"answer_points": "14", "answer_text": "National Geographic"}, "1": {"answer_points": "34", "answer_text": "People"}, "6": {"answer_points": "3", "answer_text": "US Weekly"}}, "question_number": "305"}