{"question_text": "Name something that starts with \"the gift of _______.\"", "question_url": "http://familyfeudfriends.arjdesigns.com/?Question=307", "answers": {"3": {"answer_points": "13", "answer_text": "Gab"}, "5": {"answer_points": "7", "answer_text": "Giving"}, "4": {"answer_points": "10", "answer_text": "God"}, "2": {"answer_points": "22", "answer_text": "Love"}, "1": {"answer_points": "28", "answer_text": "Life"}, "6": {"answer_points": "7", "answer_text": "Magi"}}, "question_number": "307"}