{"question_text": "According to women: What do men consider more important than marriage?", "question_url": "http://familyfeudfriends.arjdesigns.com/?Question=323", "answers": {"3": {"answer_points": "16", "answer_text": "Other Women"}, "5": {"answer_points": "6", "answer_text": "Cars"}, "4": {"answer_points": "12", "answer_text": "Sports"}, "2": {"answer_points": "21", "answer_text": "Money"}, "1": {"answer_points": "28", "answer_text": "Career"}, "6": {"answer_points": "4", "answer_text": "Freedom"}}, "question_number": "323"}