{"question_text": "Name something you might do when your hair is a mess.", "question_url": "http://familyfeudfriends.arjdesigns.com/?Question=325", "answers": {"3": {"answer_points": "11", "answer_text": "Wash It"}, "5": {"answer_points": "4", "answer_text": "Scarf"}, "4": {"answer_points": "9", "answer_text": "Hairdresser"}, "2": {"answer_points": "33", "answer_text": "Comb It"}, "1": {"answer_points": "34", "answer_text": "Wear Hat"}, "6": {"answer_points": "2", "answer_text": "Ponytail"}}, "question_number": "325"}