{"question_text": "Name something in your home you leave plugged in all the time.", "question_url": "http://familyfeudfriends.arjdesigns.com/?Question=326", "answers": {"3": {"answer_points": "10", "answer_text": "Clock"}, "5": {"answer_points": "8", "answer_text": "Microwave"}, "4": {"answer_points": "10", "answer_text": "Lamp"}, "2": {"answer_points": "17", "answer_text": "Refrigerator"}, "1": {"answer_points": "37", "answer_text": "Telephone"}, "6": {"answer_points": "6", "answer_text": "Toaster"}}, "question_number": "326"}