{"question_text": "Name a city in Canada everyone has heard of.", "question_url": "http://familyfeudfriends.arjdesigns.com/?Question=329", "answers": {"3": {"answer_points": "16", "answer_text": "Vancouver"}, "5": {"answer_points": "5", "answer_text": "Niagra Falls"}, "4": {"answer_points": "12", "answer_text": "Quebec City"}, "2": {"answer_points": "22", "answer_text": "Montreal"}, "1": {"answer_points": "38", "answer_text": "Toronto"}, "6": {"answer_points": "3", "answer_text": "Calgary"}}, "question_number": "329"}