{"question_text": "Name a state where disaster could strike at any time.", "question_url": "http://familyfeudfriends.arjdesigns.com/?Question=372", "answers": {"3": {"answer_points": "9", "answer_text": "New York"}, "5": {"answer_points": "3", "answer_text": "Kansas"}, "4": {"answer_points": "3", "answer_text": "Hawaii"}, "2": {"answer_points": "15", "answer_text": "Florida"}, "1": {"answer_points": "54", "answer_text": "California"}, "6": {"answer_points": "3", "answer_text": "Louisiana"}}, "question_number": "372"}