{"question_text": "Name something that people twist.", "question_url": "http://familyfeudfriends.arjdesigns.com/?Question=408", "answers": {"3": {"answer_points": "8", "answer_text": "Ties"}, "7": {"answer_points": "2", "answer_text": "Ankle"}, "5": {"answer_points": "4", "answer_text": "Finger"}, "4": {"answer_points": "6", "answer_text": "Bottle Cap"}, "2": {"answer_points": "9", "answer_text": "Rope"}, "1": {"answer_points": "34", "answer_text": "Hair"}, "6": {"answer_points": "3", "answer_text": "Arm"}}, "question_number": "408"}