{"question_text": "Name something people do to get on their boss' good side.", "question_url": "http://familyfeudfriends.arjdesigns.com/?Question=42", "answers": {"3": {"answer_points": "10", "answer_text": "Compliment"}, "5": {"answer_points": "6", "answer_text": "Get Coffee"}, "4": {"answer_points": "8", "answer_text": "Always Agree"}, "2": {"answer_points": "13", "answer_text": "Work Extra"}, "1": {"answer_points": "36", "answer_text": "Kiss Up"}, "6": {"answer_points": "4", "answer_text": "Buy Lunch"}}, "question_number": "42"}