{"question_text": "Name something men lose interest in when they fall in love.", "question_url": "http://familyfeudfriends.arjdesigns.com/?Question=423", "answers": {"3": {"answer_points": "18", "answer_text": "Sports"}, "5": {"answer_points": "5", "answer_text": "Hobbies"}, "4": {"answer_points": "7", "answer_text": "Going Out"}, "2": {"answer_points": "24", "answer_text": "Friends"}, "1": {"answer_points": "25", "answer_text": "Other Women"}, "6": {"answer_points": "4", "answer_text": "Appearance"}}, "question_number": "423"}