{"question_text": "Name something people know about Fred Flintstone.", "question_url": "http://familyfeudfriends.arjdesigns.com/?Question=424", "answers": {"3": {"answer_points": "11", "answer_text": "Cartoon"}, "5": {"answer_points": "7", "answer_text": "Barney Rubble"}, "4": {"answer_points": "10", "answer_text": "Prehistoric"}, "2": {"answer_points": "19", "answer_text": "Bedrock"}, "1": {"answer_points": "26", "answer_text": "Wilma"}, "6": {"answer_points": "4", "answer_text": "Yabba-Dabba-Doo"}}, "question_number": "424"}