{"question_text": "Name something you might put on your armpits if you ran out of deodorant.", "question_url": "http://familyfeudfriends.arjdesigns.com/?Question=471", "answers": {"3": {"answer_points": "15", "answer_text": "Baking Soda"}, "5": {"answer_points": "3", "answer_text": "Lotion"}, "4": {"answer_points": "12", "answer_text": "Soap"}, "2": {"answer_points": "25", "answer_text": "Baby Powder"}, "1": {"answer_points": "37", "answer_text": "Perfume"}, "6": {"answer_points": "2", "answer_text": "Lemon"}}, "question_number": "471"}