{"question_text": "Name something that you can find in the sky that God did not put there.", "question_url": "http://familyfeudfriends.arjdesigns.com/?Question=498", "answers": {"3": {"answer_points": "10", "answer_text": "Smog"}, "5": {"answer_points": "3", "answer_text": "Skyscrapers"}, "4": {"answer_points": "3", "answer_text": "Hot Air Balloons"}, "2": {"answer_points": "16", "answer_text": "Satellites"}, "1": {"answer_points": "64", "answer_text": "Planes"}, "6": {"answer_points": "2", "answer_text": "Sky Divers"}}, "question_number": "498"}