{"question_text": "Name a musical instrument that is too big to carry on an airplane.", "question_url": "http://familyfeudfriends.arjdesigns.com/?Question=5", "answers": {"8": {"answer_points": "3", "answer_text": "Saxophone"}, "3": {"answer_points": "10", "answer_text": "Cello"}, "7": {"answer_points": "4", "answer_text": "Trombone"}, "5": {"answer_points": "8", "answer_text": "Drums"}, "4": {"answer_points": "9", "answer_text": "Harp"}, "2": {"answer_points": "28", "answer_text": "Piano"}, "1": {"answer_points": "31", "answer_text": "Tuba"}, "6": {"answer_points": "5", "answer_text": "Bass"}}, "question_number": "5"}