{"question_text": "If a witch was not paying attention to where she was flying, name something she might crash into.", "question_url": "http://familyfeudfriends.arjdesigns.com/?Question=6", "answers": {"3": {"answer_points": "7", "answer_text": "Telephone Pole"}, "5": {"answer_points": "5", "answer_text": "Plane"}, "4": {"answer_points": "6", "answer_text": "Power Line"}, "2": {"answer_points": "24", "answer_text": "Building"}, "1": {"answer_points": "45", "answer_text": "Tree"}, "6": {"answer_points": "4", "answer_text": "Bird"}}, "question_number": "6"}