{"question_text": "Name a word a judge might yell out during a tennis match.", "question_url": "http://familyfeudfriends.arjdesigns.com/?Question=7", "answers": {"3": {"answer_points": "14", "answer_text": "Love"}, "7": {"answer_points": "3", "answer_text": "Point"}, "5": {"answer_points": "6", "answer_text": "Order"}, "4": {"answer_points": "10", "answer_text": "Out"}, "2": {"answer_points": "17", "answer_text": "Foul"}, "1": {"answer_points": "25", "answer_text": "Fault"}, "6": {"answer_points": "4", "answer_text": "Net"}}, "question_number": "7"}