{"question_text": "Name something you would see a lot of at Kansas.", "question_url": "http://familyfeudfriends.arjdesigns.com/?Question=76", "answers": {"3": {"answer_points": "14", "answer_text": "Wheat"}, "5": {"answer_points": "10", "answer_text": "Cows"}, "4": {"answer_points": "13", "answer_text": "Flat Land"}, "2": {"answer_points": "15", "answer_text": "Sunflowers"}, "1": {"answer_points": "20", "answer_text": "Corn"}, "6": {"answer_points": "9", "answer_text": "Tornados"}}, "question_number": "76"}