{"question_text": "Tell me a bad job for someone who hates horses.", "question_url": "http://familyfeudfriends.arjdesigns.com/?Question=77", "answers": {"3": {"answer_points": "12", "answer_text": "Horse Trainer"}, "5": {"answer_points": "6", "answer_text": "Rancher"}, "4": {"answer_points": "9", "answer_text": "Farmer"}, "2": {"answer_points": "13", "answer_text": "Stable Hand"}, "1": {"answer_points": "44", "answer_text": "Jockey"}, "6": {"answer_points": "6", "answer_text": "Veterinarian"}}, "question_number": "77"}