{"question_text": "Name something on a Swiss Army knife that you would be surprised to see the Swiss Army fighting with.", "question_url": "http://familyfeudfriends.arjdesigns.com/?Question=78", "answers": {"3": {"answer_points": "14", "answer_text": "Scissors"}, "5": {"answer_points": "9", "answer_text": "Nail Clippers"}, "4": {"answer_points": "12", "answer_text": "File"}, "2": {"answer_points": "17", "answer_text": "Corkscrew"}, "1": {"answer_points": "29", "answer_text": "Can Opener"}, "6": {"answer_points": "5", "answer_text": "Toothpick"}}, "question_number": "78"}