{"question_text": "Name a bad sport for someone who is afraid of the water.", "question_url": "http://familyfeudfriends.arjdesigns.com/?Question=8", "answers": {"3": {"answer_points": "17", "answer_text": "Water Skiing"}, "5": {"answer_points": "6", "answer_text": "Scuba"}, "4": {"answer_points": "11", "answer_text": "Diving"}, "2": {"answer_points": "21", "answer_text": "Water Polo"}, "1": {"answer_points": "33", "answer_text": "Swimming"}, "6": {"answer_points": "5", "answer_text": "Surfing"}}, "question_number": "8"}