{"question_text": "Name a fruit you never buy just one of.", "question_url": "http://familyfeudfriends.arjdesigns.com/?Question=80", "answers": {"3": {"answer_points": "13", "answer_text": "Orange"}, "5": {"answer_points": "8", "answer_text": "Strawberry"}, "4": {"answer_points": "12", "answer_text": "Banana"}, "2": {"answer_points": "14", "answer_text": "Apple"}, "1": {"answer_points": "44", "answer_text": "Grapes"}, "6": {"answer_points": "5", "answer_text": "Cherry"}}, "question_number": "80"}