{"question_text": "Name a famous composer whose music is performed by a symphony orchestra.", "question_url": "http://familyfeudfriends.arjdesigns.com/?Question=81", "answers": {"3": {"answer_points": "13", "answer_text": "Bach"}, "5": {"answer_points": "5", "answer_text": "Brahms"}, "4": {"answer_points": "7", "answer_text": "Tchaikovsky"}, "2": {"answer_points": "22", "answer_text": "Mozart"}, "1": {"answer_points": "34", "answer_text": "Beethoven"}, "6": {"answer_points": "4", "answer_text": "Chopin"}}, "question_number": "81"}