{"question_text": "According to men: You should never interrupt a women when she is _______ .", "question_url": "http://familyfeudfriends.arjdesigns.com/?Question=84", "answers": {"3": {"answer_points": "9", "answer_text": "Cleaning"}, "7": {"answer_points": "5", "answer_text": "Driving"}, "5": {"answer_points": "8", "answer_text": "Using the Bathroom"}, "4": {"answer_points": "8", "answer_text": "Bathing"}, "2": {"answer_points": "10", "answer_text": "Sleeping"}, "1": {"answer_points": "23", "answer_text": "On the Phone"}, "6": {"answer_points": "6", "answer_text": "Reading"}}, "question_number": "84"}